Title,Content,URL,Author,Date
India’s Hindutva politics influencing Nepal,Disillusionment with established parties increases support for religious right,/news/india-s-hindutva-politics-influencing-nepal,,
Dang turns dung into energy,A town in Nepal sorts its trash to turn biodegradable bits into biogas for fuel and fertiliser,/news/dang-turns-dung-into-energy,Santosh Dahit,Dang
Dengue danger returns with monsoon,"With preparedness lax, it is now only personal protection (and luck) that will save Nepal from another serious outbreak",/news/dengue-danger-returns-with-monsoon,,
Nepal census undercounted 800k,"The country’s population is on the move, and the 2021 census missed out on a whole lot of them",/news/nepal-census-undercounted-800k,,
Chopper hits mountain near Everest,"Helicopter crash kills 6, highlights dangers of monsoon flights in Nepal",/news/chopper-hits-mountain-near-everest,,
China opens Kailas-Mansarovar pilgrimage…,"…But only for Nepalis, and conditions apply",/news/china-opens-kailas-mansarovar-pilgrimage,,
Robin Tamang 1963–2023,Nepal loses a true music icon and a towering figure who nurtured the rock scene in the country,/news/robin-tamang-1963-2023-9wu7ua4l,,
Decoding diversity,"Nepal's national census reaffirms diversity, but stokes controversy and intolerance",/news/decoding-diversity,,
Scoring a better future for Nepal's soccer girls,Project helps young women in Kaski with football training and facilities,/news/scoring-a-better-future-for-nepals-soccer-girls,,
